,M,PRR,drugname,eventname,m,n
0,1007046,1.06947739462,aleve,DRUG INEFFECTIVE,8201,51738
1,50441,13.4477773844,aleve,NO ADVERSE EVENT,4718,51738
2,228872,1.72379890514,aleve,HEADACHE,2987,51738
3,823265,0.370181780875,aleve,PAIN,2331,51738
4,111051,2.51051200472,aleve,INCORRECT DRUG ADMINISTRATION DURATION,2098,51738
5,230444,1.18864981998,aleve,PRODUCT USE ISSUE,2082,51738
6,290789,0.912923727732,aleve,NAUSEA,2022,51738
7,193604,1.107060442,aleve,DIZZINESS,1630,51738
8,246531,0.755379517157,aleve,ABDOMINAL PAIN UPPER,1420,51738
9,130418,1.34545881471,aleve,ARTHRALGIA,1332,51738
10,238451,0.707584000409,aleve,FATIGUE,1287,51738
11,170746,0.932178029863,aleve,PRURITUS,1212,51738
12,95818,1.65511278635,aleve,BACK PAIN,1201,51738
13,214556,0.726622992981,aleve,DYSPNOEA,1189,51738
14,246531,0.598292518142,aleve,ABDOMINAL DISCOMFORT,1126,51738
15,67952,2.12969319508,aleve,THERAPEUTIC RESPONSE UNEXPECTED,1092,51738
16,179361,0.795064997219,aleve,VOMITING,1087,51738
17,107297,1.31592188646,aleve,HYPERSENSITIVITY,1072,51738
18,119753,1.14788955762,aleve,INSOMNIA,1045,51738
19,195205,0.69776077654,aleve,DIARRHOEA,1039,51738
20,6110,24.608052575,aleve,EXTRA DOSE ADMINISTERED,970,51738
21,75251,1.68679474517,aleve,SOMNOLENCE,961,51738
22,823265,0.149375337146,aleve,PAIN IN EXTREMITY,942,51738
23,145216,0.845941896388,aleve,FEELING ABNORMAL,936,51738
24,66741,1.7122385727,aleve,URTICARIA,865,51738
25,220645,0.489996208846,aleve,RASH,826,51738
26,37741,2.737487405,aleve,DYSPEPSIA,776,51738
27,140778,0.709674703534,aleve,ASTHENIA,762,51738
28,158566,0.592327965796,aleve,MALAISE,717,51738
29,66870,1.397428532,aleve,CONSTIPATION,709,51738
30,101215,0.909447028919,aleve,OFF LABEL USE,701,51738
31,113268,0.803910627671,aleve,ANXIETY,694,51738
32,441253,0.203641003987,aleve,BLOOD PRESSURE INCREASED,688,51738
33,111051,0.79034346325,aleve,INCORRECT DOSE ADMINISTERED,669,51738
34,163766,0.495571611393,aleve,OEDEMA PERIPHERAL,620,51738
35,125736,0.64096806431,aleve,CHEST PAIN,615,51738
36,46236,1.74055297901,aleve,MEDICATION ERROR,609,51738
37,149551,0.505078943071,aleve,ERYTHEMA,577,51738
38,1007046,0.074630378146,aleve,DRUG HYPERSENSITIVITY,576,51738
39,178218,0.419152967685,aleve,SWELLING FACE,571,51738
40,246531,0.297423773089,aleve,ABDOMINAL PAIN,561,51738
41,4980,16.1241415544,aleve,DYSMENORRHOEA,548,51738
42,116161,0.6067845039,aleve,MUSCLE SPASMS,538,51738
43,71243,0.908698499247,aleve,INTENTIONAL PRODUCT MISUSE,493,51738
44,121871,0.507022902103,aleve,FALL,472,51738
45,133431,0.455066968187,aleve,PYREXIA,464,51738
46,70438,0.849728549506,aleve,PARAESTHESIA,456,51738
47,67720,0.884064333841,aleve,HYPOAESTHESIA,456,51738
48,116615,0.5040451887,aleve,DEPRESSION,449,51738
49,98704,0.583930264539,aleve,OVERDOSE,440,51738
50,15478,3.65516301603,aleve,HAEMATOCHEZIA,422,51738
51,186610,0.294169046685,aleve,WEIGHT DECREASED,420,51738
52,100064,0.536529739375,aleve,HYPERTENSION,410,51738
53,73346,0.727678386699,aleve,GAIT DISTURBANCE,407,51738
54,60224,0.86536394383,aleve,ARTHRITIS,397,51738
55,30056,1.62094161076,aleve,MIGRAINE,369,51738
56,67401,0.713967388697,aleve,MYALGIA,367,51738
57,45882,1.04863538192,aleve,PALPITATIONS,366,51738
58,75397,0.630893756707,aleve,LOSS OF CONSCIOUSNESS,363,51738
59,36632,1.29431175259,aleve,CONTUSION,360,51738
60,71259,0.660322619593,aleve,TREMOR,359,51738
61,102241,0.456951722463,aleve,ANAEMIA,357,51738
62,96264,0.481335234542,aleve,COUGH,354,51738
63,11865,3.99882383183,aleve,EXPIRED PRODUCT ADMINISTERED,353,51738
64,1007046,0.045598819026,aleve,DRUG EFFECT INCOMPLETE,352,51738
65,53473,0.859199452999,aleve,HYPERHIDROSIS,350,51738
66,245012,0.1822864719,aleve,INJECTION SITE PAIN,342,51738
67,66079,0.666498537633,aleve,JOINT SWELLING,336,51738
68,30467,1.44986095417,aleve,THROAT IRRITATION,335,51738
69,23090,1.9082657634,aleve,LIP SWELLING,333,51738
70,136297,0.316512052542,aleve,MYOCARDIAL INFARCTION,330,51738
71,186610,0.226816689094,aleve,WEIGHT INCREASED,324,51738
72,170746,0.247930277456,aleve,PRURITUS GENERALISED,324,51738
73,4799,9.25470918315,aleve,EUPHORIC MOOD,318,51738
74,145352,0.281430046683,aleve,INJURY,313,51738
75,9234,4.45459733863,aleve,FOREIGN BODY,305,51738
76,28105,1.42127512496,aleve,UNEVALUABLE EVENT,303,51738
77,69399,0.568084202969,aleve,MUSCULOSKELETAL PAIN,301,51738
78,53849,0.725705753692,aleve,FLUSHING,298,51738
79,53505,0.723004229041,aleve,VISION BLURRED,295,51738
80,55619,0.688268673354,aleve,INAPPROPRIATE SCHEDULE OF DRUG ADMINISTRATION,292,51738
81,90449,0.419470394225,aleve,CEREBROVASCULAR ACCIDENT,290,51738
82,500664,0.0740169501022,aleve,DECREASED APPETITE,284,51738
83,246531,0.149874096006,aleve,ABDOMINAL DISTENSION,283,51738
84,94833,0.379269381878,aleve,GASTROINTESTINAL HAEMORRHAGE,275,51738
85,137191,0.260979635582,aleve,PULMONARY EMBOLISM,274,51738
86,46391,0.77197934168,aleve,CHILLS,273,51738
87,13843,2.61378953324,aleve,FAECES DISCOLOURED,272,51738
88,87580,0.403286297007,aleve,URINARY TRACT INFECTION,270,51738
89,40011,0.876099777472,aleve,BURNING SENSATION,267,51738
90,441253,0.0777752019325,aleve,BLOOD GLUCOSE INCREASED,263,51738
91,178218,0.192000721469,aleve,SWELLING,262,51738
92,145216,0.232108999578,aleve,FEELING HOT,258,51738
93,125736,0.267101668463,aleve,CHEST DISCOMFORT,257,51738
94,133414,0.250719026379,aleve,PNEUMONIA,256,51738
95,31363,1.07323895312,aleve,GASTROOESOPHAGEAL REFLUX DISEASE,256,51738
96,27400,1.22508152269,aleve,EPISTAXIS,255,51738
97,24818,1.34313150642,aleve,RECTAL HAEMORRHAGE,253,51738
98,70184,0.466193932106,aleve,HEART RATE INCREASED,250,51738
99,245592,0.132887179724,aleve,HAEMORRHAGE,250,51738
100,1007046,0.968464669658,caplet,DRUG INEFFECTIVE,4675,32472
101,50441,17.8916506567,caplet,NO ADVERSE EVENT,4001,32472
102,228872,2.27357105872,caplet,HEADACHE,2478,32472
103,823265,0.403519859935,caplet,PAIN,1596,32472
104,290789,0.960343492788,caplet,NAUSEA,1338,32472
105,193604,1.15679000056,caplet,DIZZINESS,1072,32472
106,179361,1.07586863911,caplet,VOMITING,924,32472
107,214556,0.898623672286,caplet,DYSPNOEA,924,32472
108,111051,1.69186653014,caplet,INCORRECT DRUG ADMINISTRATION DURATION,897,32472
109,95818,1.95454214187,caplet,BACK PAIN,893,32472
110,246531,0.747679658575,caplet,ABDOMINAL PAIN UPPER,884,32472
111,195205,0.872162913388,caplet,DIARRHOEA,816,32472
112,130418,1.16952024902,caplet,ARTHRALGIA,730,32472
113,238451,0.627509671929,caplet,FATIGUE,718,32472
114,125736,1.15316261571,caplet,CHEST PAIN,694,32472
115,136297,1.02486193963,caplet,MYOCARDIAL INFARCTION,669,32472
116,246531,0.534859403619,caplet,ABDOMINAL DISCOMFORT,633,32472
117,75251,1.75978106417,caplet,SOMNOLENCE,632,32472
118,140778,0.935484518127,caplet,ASTHENIA,631,32472
119,170746,0.75842939439,caplet,PRURITUS,621,32472
120,145216,0.849058735637,caplet,FEELING ABNORMAL,591,32472
121,119753,1.02698470678,caplet,INSOMNIA,589,32472
122,90449,1.32233748665,caplet,CEREBROVASCULAR ACCIDENT,572,32472
123,133431,0.84900603979,caplet,PYREXIA,543,32472
124,107297,1.0412003645,caplet,HYPERSENSITIVITY,535,32472
125,823265,0.133848481589,caplet,PAIN IN EXTREMITY,530,32472
126,100064,1.08958773979,caplet,HYPERTENSION,522,32472
127,163766,0.658018952493,caplet,OEDEMA PERIPHERAL,517,32472
128,158566,0.678349727474,caplet,MALAISE,516,32472
129,113268,0.919412415475,caplet,ANXIETY,499,32472
130,4980,23.0349527783,caplet,DYSMENORRHOEA,497,32472
131,116615,0.862366813346,caplet,DEPRESSION,482,32472
132,66741,1.5083229917,caplet,URTICARIA,481,32472
133,37741,2.63145255632,caplet,DYSPEPSIA,472,32472
134,220645,0.438810308783,caplet,RASH,465,32472
135,246531,0.386726293564,caplet,ABDOMINAL PAIN,458,32472
136,98704,0.960120489949,caplet,OVERDOSE,454,32472
137,66870,1.35419647487,caplet,CONSTIPATION,433,32472
138,441253,0.199376360975,caplet,BLOOD PRESSURE INCREASED,423,32472
139,121871,0.655046915304,caplet,FALL,383,32472
140,116161,0.656748949795,caplet,MUSCLE SPASMS,366,32472
141,2055,41.9210782947,caplet,TRANSMISSION OF AN INFECTIOUS AGENT VIA A MEDICINAL PRODUCT,345,32472
142,133414,0.535574990329,caplet,PNEUMONIA,343,32472
143,6110,12.3199943261,caplet,EXTRA DOSE ADMINISTERED,342,32472
144,230444,0.301592920485,caplet,PRODUCT QUALITY ISSUE,334,32472
145,48709,1.43461595727,caplet,CORONARY ARTERY DISEASE,334,32472
146,102241,0.66260046841,caplet,ANAEMIA,325,32472
147,111051,0.591062101097,caplet,INCORRECT DOSE ADMINISTERED,315,32472
148,96264,0.677807472415,caplet,COUGH,313,32472
149,149551,0.432998904435,caplet,ERYTHEMA,311,32472
150,4799,14.2007255528,caplet,EUPHORIC MOOD,307,32472
151,75397,0.816174819934,caplet,LOSS OF CONSCIOUSNESS,295,32472
152,81493,0.749763680069,caplet,HYPOTENSION,293,32472
153,101215,0.592922939165,caplet,OFF LABEL USE,288,32472
154,188248,0.308412293453,caplet,CARDIAC FAILURE CONGESTIVE,279,32472
155,178218,0.31994935899,caplet,SWELLING FACE,274,32472
156,67720,0.834849130542,caplet,HYPOAESTHESIA,271,32472
157,71259,0.790290922622,caplet,TREMOR,270,32472
158,30056,1.83424038136,caplet,MIGRAINE,263,32472
159,186610,0.288790586269,caplet,WEIGHT DECREASED,259,32472
160,87580,0.604373574087,caplet,URINARY TRACT INFECTION,254,32472
161,67401,0.776681955398,caplet,MYALGIA,251,32472
162,53473,0.976014418076,caplet,HYPERHIDROSIS,250,32472
163,45882,1.13379872855,caplet,PALPITATIONS,249,32472
164,46391,1.11223737015,caplet,CHILLS,247,32472
165,70438,0.704459763362,caplet,PARAESTHESIA,238,32472
166,58091,0.847593429462,caplet,DEHYDRATION,236,32472
167,125736,0.38078533141,caplet,CHEST DISCOMFORT,230,32472
168,31363,1.51488649613,caplet,GASTROOESOPHAGEAL REFLUX DISEASE,227,32472
169,68777,0.678951578034,caplet,CONVULSION,224,32472
170,46517,0.991896245032,caplet,ATRIAL FIBRILLATION,221,32472
171,188248,0.24090564823,caplet,CARDIAC DISORDER,218,32472
172,15478,2.95457106824,caplet,HAEMATOCHEZIA,217,32472
173,441253,0.10176454367,caplet,BLOOD GLUCOSE INCREASED,216,32472
174,60224,0.744457480696,caplet,ARTHRITIS,215,32472
175,168241,0.251019311736,caplet,RENAL FAILURE,203,32472
176,7169,6.02454459843,caplet,TOOTHACHE,202,32472
177,36632,1.15215487832,caplet,CONTUSION,202,32472
178,1007046,0.0410684634143,caplet,DRUG HYPERSENSITIVITY,199,32472
179,137191,0.300321024058,caplet,PULMONARY EMBOLISM,198,32472
180,35438,1.16747667562,caplet,DYSPHAGIA,198,32472
181,64549,0.629619515115,caplet,CONFUSIONAL STATE,195,32472
182,278414,0.144888048648,caplet,DEATH,194,32472
183,53849,0.739636370767,caplet,FLUSHING,191,32472
184,73346,0.531121003623,caplet,GAIT DISTURBANCE,187,32472
185,246531,0.157731795798,caplet,ABDOMINAL DISTENSION,187,32472
186,30467,1.27632837854,caplet,THROAT IRRITATION,186,32472
187,42257,0.908728536079,caplet,SYNCOPE,184,32472
188,500664,0.0751465870739,caplet,DECREASED APPETITE,181,32472
189,145352,0.256204836923,caplet,INJURY,179,32472
190,53505,0.693574407415,caplet,VISION BLURRED,178,32472
191,53855,0.685168225275,caplet,HAEMOGLOBIN DECREASED,177,32472
192,186610,0.196158841771,caplet,WEIGHT INCREASED,176,32472
193,63763,0.575128210275,caplet,DIABETES MELLITUS,176,32472
194,26817,1.36487106657,caplet,NECK PAIN,175,32472
195,70184,0.519403147533,caplet,HEART RATE INCREASED,175,32472
196,170746,0.210744547312,caplet,PRURITUS GENERALISED,173,32472
197,9234,3.96725854416,caplet,FOREIGN BODY,173,32472
198,88076,0.406574751237,caplet,THROMBOSIS,172,32472
199,168241,0.211410508331,caplet,RENAL FAILURE ACUTE,171,32472
200,290789,1.9460739076,tylenol,NAUSEA,5470,66418
201,238451,2.01734967869,tylenol,FATIGUE,4646,66418
202,228872,2.04675633989,tylenol,HEADACHE,4523,66418
203,1007046,0.446139520703,tylenol,DRUG INEFFECTIVE,4406,66418
204,823265,0.520987036374,tylenol,PAIN,4203,66418
205,214556,1.95238825195,tylenol,DYSPNOEA,4048,66418
206,195205,2.12510127418,tylenol,DIARRHOEA,4002,66418
207,179361,2.18410637309,tylenol,VOMITING,3777,66418
208,193604,1.77544500427,tylenol,DIZZINESS,3327,66418
209,140778,2.17194511906,tylenol,ASTHENIA,2948,66418
210,133431,2.21236820384,tylenol,PYREXIA,2845,66418
211,130418,2.15167559022,tylenol,ARTHRALGIA,2706,66418
212,823265,0.294935797207,tylenol,PAIN IN EXTREMITY,2384,66418
213,121871,2.02362235,tylenol,FALL,2381,66418
214,95818,2.40212495021,tylenol,BACK PAIN,2214,66418
215,158566,1.43479909557,tylenol,MALAISE,2209,66418
216,125736,1.75592882548,tylenol,CHEST PAIN,2137,66418
217,113268,1.95292984766,tylenol,ANXIETY,2137,66418
218,230444,0.930864539634,tylenol,PRODUCT QUALITY ISSUE,2093,66418
219,133414,1.59981095771,tylenol,PNEUMONIA,2069,66418
220,101215,2.09115269757,tylenol,OFF LABEL USE,2042,66418
221,186610,1.09415930008,tylenol,WEIGHT DECREASED,1989,66418
222,116615,1.74877936594,tylenol,DEPRESSION,1974,66418
223,220645,0.906981725533,tylenol,RASH,1953,66418
224,119753,1.65224949824,tylenol,INSOMNIA,1917,66418
225,246531,0.790069019656,tylenol,ABDOMINAL PAIN,1903,66418
226,278414,0.689358457754,tylenol,DEATH,1877,66418
227,100064,1.9025525971,tylenol,HYPERTENSION,1840,66418
228,96264,1.95062353271,tylenol,COUGH,1814,66418
229,102241,1.73786420142,tylenol,ANAEMIA,1720,66418
230,170746,0.998941750553,tylenol,PRURITUS,1663,66418
231,66870,2.5743082023,tylenol,CONSTIPATION,1653,66418
232,246531,0.685183771846,tylenol,ABDOMINAL PAIN UPPER,1652,66418
233,136297,1.1172892108,tylenol,MYOCARDIAL INFARCTION,1483,66418
234,163766,0.922487307054,tylenol,OEDEMA PERIPHERAL,1474,66418
235,90449,1.63045029557,tylenol,CEREBROVASCULAR ACCIDENT,1429,66418
236,87580,1.66078752035,tylenol,URINARY TRACT INFECTION,1409,66418
237,500664,0.286242605239,tylenol,DECREASED APPETITE,1407,66418
238,145216,0.99159999555,tylenol,FEELING ABNORMAL,1404,66418
239,111051,1.29025644848,tylenol,INCORRECT DOSE ADMINISTERED,1393,66418
240,81493,1.76250945107,tylenol,HYPOTENSION,1390,66418
241,58091,2.42026486601,tylenol,DEHYDRATION,1352,66418
242,75251,1.81489702668,tylenol,SOMNOLENCE,1321,66418
243,230444,0.576689264978,tylenol,PRODUCT USE ISSUE,1301,66418
244,116161,1.1397528127,tylenol,MUSCLE SPASMS,1289,66418
245,46391,2.8218832184,tylenol,CHILLS,1254,66418
246,73346,1.76248953746,tylenol,GAIT DISTURBANCE,1251,66418
247,25874,5.14748734293,tylenol,INFUSION RELATED REACTION,1248,66418
248,441253,0.28809223374,tylenol,BLOOD PRESSURE INCREASED,1248,66418
249,67720,1.79505446757,tylenol,HYPOAESTHESIA,1176,66418
250,186610,0.632592446128,tylenol,WEIGHT INCREASED,1155,66418
251,67401,1.74130928722,tylenol,MYALGIA,1136,66418
252,98704,1.16158461659,tylenol,OVERDOSE,1116,66418
253,137191,0.820255715201,tylenol,PULMONARY EMBOLISM,1099,66418
254,71259,1.56315474108,tylenol,TREMOR,1080,66418
255,64549,1.69587586031,tylenol,CONFUSIONAL STATE,1060,66418
256,188248,0.565373949154,tylenol,CARDIAC FAILURE CONGESTIVE,1042,66418
257,70438,1.50438782473,tylenol,PARAESTHESIA,1028,66418
258,53473,1.91802559852,tylenol,HYPERHIDROSIS,991,66418
259,58040,1.73369916767,tylenol,NASOPHARYNGITIS,974,66418
260,149551,0.657629672432,tylenol,ERYTHEMA,962,66418
261,53855,1.83375427158,tylenol,HAEMOGLOBIN DECREASED,955,66418
262,246531,0.395012545878,tylenol,ABDOMINAL DISCOMFORT,955,66418
263,245012,0.390787192529,tylenol,INJECTION SITE PAIN,939,66418
264,145352,0.654808513229,tylenol,INJURY,931,66418
265,37537,2.56918099655,tylenol,DEEP VEIN THROMBOSIS,926,66418
266,46517,2.05858704898,tylenol,ATRIAL FIBRILLATION,924,66418
267,107297,0.87559895548,tylenol,HYPERSENSITIVITY,917,66418
268,75355,1.23337351136,tylenol,CONDITION AGGRAVATED,904,66418
269,31363,2.95983160618,tylenol,GASTROOESOPHAGEAL REFLUX DISEASE,888,66418
270,66741,1.36191574144,tylenol,URTICARIA,883,66418
271,68777,1.31804404044,tylenol,CONVULSION,881,66418
272,53849,1.68366134014,tylenol,FLUSHING,878,66418
273,55619,1.62545157952,tylenol,INAPPROPRIATE SCHEDULE OF DRUG ADMINISTRATION,876,66418
274,125736,0.705283246331,tylenol,CHEST DISCOMFORT,867,66418
275,168241,0.520075777928,tylenol,RENAL FAILURE,857,66418
276,75397,1.16372655412,tylenol,LOSS OF CONSCIOUSNESS,854,66418
277,441253,0.196281971388,tylenol,BLOOD GLUCOSE INCREASED,851,66418
278,94833,0.91869175755,tylenol,GASTROINTESTINAL HAEMORRHAGE,850,66418
279,36632,2.41298439019,tylenol,CONTUSION,850,66418
280,38207,2.24733539127,tylenol,SINUSITIS,827,66418
281,37741,2.27007977091,tylenol,DYSPEPSIA,825,66418
282,1007046,0.0829810921254,tylenol,DRUG HYPERSENSITIVITY,822,66418
283,45882,1.85073567511,tylenol,PALPITATIONS,821,66418
284,70184,1.1963863971,tylenol,HEART RATE INCREASED,817,66418
285,53505,1.57315889218,tylenol,VISION BLURRED,816,66418
286,35438,2.37607630279,tylenol,DYSPHAGIA,810,66418
287,46328,1.78490386961,tylenol,MUSCULAR WEAKNESS,800,66418
288,1007046,0.0806576680738,tylenol,DRUG DOSE OMISSION,799,66418
289,69401,1.15462847623,tylenol,INFLUENZA LIKE ILLNESS,780,66418
290,168241,0.456686024699,tylenol,RENAL FAILURE ACUTE,753,66418
291,32263,2.35161104874,tylenol,BRONCHITIS,730,66418
292,55806,1.34451372157,tylenol,SEPSIS,729,66418
293,42257,1.77571152128,tylenol,SYNCOPE,726,66418
294,60224,1.21184874709,tylenol,ARTHRITIS,710,66418
295,246531,0.290491639626,tylenol,ABDOMINAL DISTENSION,703,66418
296,30056,2.41157940368,tylenol,MIGRAINE,697,66418
297,34427,2.08984821302,tylenol,OROPHARYNGEAL PAIN,694,66418
298,27714,2.58593314107,tylenol,PLEURAL EFFUSION,688,66418
299,48709,1.42961265005,tylenol,CORONARY ARTERY DISEASE,676,66418
300,823265,0.584559800511,ibuprofen,PAIN,4639,65366
301,290789,1.48046582572,ibuprofen,NAUSEA,4114,65366
302,1007046,0.370552094617,ibuprofen,DRUG INEFFECTIVE,3604,65366
303,228872,1.55766579602,ibuprofen,HEADACHE,3404,65366
304,238451,1.38969121953,ibuprofen,FATIGUE,3169,65366
305,179361,1.74325697461,ibuprofen,VOMITING,2980,65366
306,214556,1.44091488298,ibuprofen,DYSPNOEA,2955,65366
307,193604,1.45552888712,ibuprofen,DIZZINESS,2693,65366
308,113268,2.37750106661,ibuprofen,ANXIETY,2551,65366
309,195205,1.24711735452,ibuprofen,DIARRHOEA,2331,65366
310,130418,1.67738923873,ibuprofen,ARTHRALGIA,2086,65366
311,823265,0.252693407928,ibuprofen,PAIN IN EXTREMITY,2011,65366
312,116615,1.78333240002,ibuprofen,DEPRESSION,1981,65366
313,133431,1.52413552296,ibuprofen,PYREXIA,1942,65366
314,145352,1.31292960806,ibuprofen,INJURY,1826,65366
315,140778,1.31704591632,ibuprofen,ASTHENIA,1774,65366
316,246531,0.746711617372,ibuprofen,ABDOMINAL PAIN,1771,65366
317,137191,1.33186785098,ibuprofen,PULMONARY EMBOLISM,1748,65366
318,158566,1.14101560982,ibuprofen,MALAISE,1734,65366
319,95818,1.78597715087,ibuprofen,BACK PAIN,1630,65366
320,220645,0.751455992816,ibuprofen,RASH,1595,65366
321,119753,1.36567641343,ibuprofen,INSOMNIA,1564,65366
322,37537,4.41812495352,ibuprofen,DEEP VEIN THROMBOSIS,1541,65366
323,125736,1.25193577741,ibuprofen,CHEST PAIN,1507,65366
324,246531,0.629233093241,ibuprofen,ABDOMINAL PAIN UPPER,1494,65366
325,168241,0.921545096946,ibuprofen,RENAL FAILURE ACUTE,1489,65366
326,170746,0.907906249112,ibuprofen,PRURITUS,1489,65366
327,121871,1.22707891354,ibuprofen,FALL,1432,65366
328,39991,3.81890484184,ibuprofen,COMPLETED SUICIDE,1427,65366
329,1007046,0.138948961885,ibuprofen,DRUG HYPERSENSITIVITY,1354,65366
330,98704,1.43436302515,ibuprofen,OVERDOSE,1353,65366
331,186610,0.734673476587,ibuprofen,WEIGHT DECREASED,1319,65366
332,1007046,0.134017706513,ibuprofen,DRUG INTERACTION,1306,65366
333,75251,1.80718157616,ibuprofen,SOMNOLENCE,1295,65366
334,145216,0.89032049897,ibuprofen,FEELING ABNORMAL,1242,65366
335,38663,3.3684794442,ibuprofen,EMOTIONAL DISTRESS,1222,65366
336,102241,1.19473828801,ibuprofen,ANAEMIA,1170,65366
337,163766,0.739463118171,ibuprofen,OEDEMA PERIPHERAL,1165,65366
338,70438,1.73267501771,ibuprofen,PARAESTHESIA,1163,65366
339,100064,1.19359522645,ibuprofen,HYPERTENSION,1144,65366
340,81493,1.46556236171,ibuprofen,HYPOTENSION,1141,65366
341,96264,1.23578959047,ibuprofen,COUGH,1139,65366
342,59175,1.93859372297,ibuprofen,TOXICITY TO VARIOUS AGENTS,1091,65366
343,133414,0.843881628378,ibuprofen,PNEUMONIA,1082,65366
344,67720,1.66479395518,ibuprofen,HYPOAESTHESIA,1075,65366
345,278414,0.385487102312,ibuprofen,DEATH,1036,65366
346,116161,0.907076667162,ibuprofen,MUSCLE SPASMS,1012,65366
347,73346,1.43964203821,ibuprofen,GAIT DISTURBANCE,1009,65366
348,66870,1.5732458394,ibuprofen,CONSTIPATION,1004,65366
349,94833,1.09993956688,ibuprofen,GASTROINTESTINAL HAEMORRHAGE,1000,65366
350,75355,1.34871070164,ibuprofen,CONDITION AGGRAVATED,972,65366
351,107297,0.940594757912,ibuprofen,HYPERSENSITIVITY,969,65366
352,66741,1.50147759126,ibuprofen,URTICARIA,957,65366
353,64549,1.54664467942,ibuprofen,CONFUSIONAL STATE,953,65366
354,67401,1.47396056871,ibuprofen,MYALGIA,949,65366
355,71259,1.35144733657,ibuprofen,TREMOR,921,65366
356,245012,0.383071833944,ibuprofen,INJECTION SITE PAIN,906,65366
357,101215,0.922878725596,ibuprofen,OFF LABEL USE,897,65366
358,500664,0.185042158555,ibuprofen,DECREASED APPETITE,896,65366
359,246531,0.376064383756,ibuprofen,ABDOMINAL DISCOMFORT,895,65366
360,58091,1.60223345653,ibuprofen,DEHYDRATION,888,65366
361,64700,1.42973180923,ibuprofen,SUICIDE ATTEMPT,884,65366
362,71243,1.27450164114,ibuprofen,INTENTIONAL OVERDOSE,869,65366
363,53473,1.69706092024,ibuprofen,HYPERHIDROSIS,865,65366
364,149551,0.594170513464,ibuprofen,ERYTHEMA,856,65366
365,53505,1.66614728948,ibuprofen,VISION BLURRED,850,65366
366,44040,2.02153506508,ibuprofen,GENERAL PHYSICAL HEALTH DETERIORATION,846,65366
367,186610,0.468374820796,ibuprofen,WEIGHT INCREASED,843,65366
368,53849,1.63159691912,ibuprofen,FLUSHING,838,65366
369,14790,6.17577809235,ibuprofen,CHOLECYSTITIS CHRONIC,835,65366
370,168241,0.511097056672,ibuprofen,RENAL FAILURE,829,65366
371,87580,0.975506848151,ibuprofen,URINARY TRACT INFECTION,820,65366
372,136297,0.618587788018,ibuprofen,MYOCARDIAL INFARCTION,812,65366
373,37741,2.26376118253,ibuprofen,DYSPEPSIA,810,65366
374,16828,5.13815023689,ibuprofen,CHOLELITHIASIS,798,65366
375,75397,1.09151476323,ibuprofen,LOSS OF CONSCIOUSNESS,789,65366
376,46391,1.75127043009,ibuprofen,CHILLS,774,65366
377,90449,0.866487349501,ibuprofen,CEREBROVASCULAR ACCIDENT,753,65366
378,53855,1.41041540708,ibuprofen,HAEMOGLOBIN DECREASED,726,65366
379,45882,1.61070180429,ibuprofen,PALPITATIONS,705,65366
380,52877,1.388731427,ibuprofen,TACHYCARDIA,702,65366
381,69401,1.050150632,ibuprofen,INFLUENZA LIKE ILLNESS,699,65366
382,68777,1.01691054517,ibuprofen,CONVULSION,671,65366
383,31363,2.18786127649,ibuprofen,GASTROOESOPHAGEAL REFLUX DISEASE,651,65366
384,58040,1.16902577974,ibuprofen,NASOPHARYNGITIS,650,65366
385,46328,1.46647657444,ibuprofen,MUSCULAR WEAKNESS,649,65366
386,441253,0.150627417604,ibuprofen,BLOOD PRESSURE INCREASED,643,65366
387,42257,1.58477392498,ibuprofen,SYNCOPE,639,65366
388,125736,0.52308587349,ibuprofen,CHEST DISCOMFORT,634,65366
389,16035,4.17232126077,ibuprofen,GALLBLADDER DISORDER,623,65366
390,1007046,0.0627647097518,ibuprofen,DRUG DOSE OMISSION,612,65366
391,245012,0.253383832468,ibuprofen,INJECTION SITE ERYTHEMA,600,65366
392,42773,1.45358598573,ibuprofen,SUICIDAL IDEATION,594,65366
393,30056,2.08101294183,ibuprofen,MIGRAINE,594,65366
394,11166,5.74782680755,ibuprofen,HAEMATEMESIS,589,65366
395,188248,0.323964020609,ibuprofen,CARDIAC ARREST,589,65366
396,31043,1.97210557927,ibuprofen,ALANINE AMINOTRANSFERASE INCREASED,582,65366
397,38207,1.57989579806,ibuprofen,SINUSITIS,576,65366
398,111051,0.538158486325,ibuprofen,INCORRECT DOSE ADMINISTERED,576,65366
399,17396,3.43955632756,ibuprofen,ANGIOEDEMA,561,65366
400,1007046,1.23807232323,advil,DRUG INEFFECTIVE,5519,30008
401,823265,0.45638722849,advil,PAIN,1668,30008
402,228872,1.53382585249,advil,HEADACHE,1551,30008
403,290789,1.20001230647,advil,NAUSEA,1544,30008
404,238451,1.22950326793,advil,FATIGUE,1297,30008
405,193604,1.36218569265,advil,DIZZINESS,1166,30008
406,179361,1.31880361911,advil,VOMITING,1046,30008
407,214556,1.04535300266,advil,DYSPNOEA,993,30008
408,195205,1.08670585229,advil,DIARRHOEA,939,30008
409,246531,0.80999112766,advil,ABDOMINAL PAIN UPPER,885,30008
410,113268,1.69388959444,advil,ANXIETY,847,30008
411,119753,1.58817931279,advil,INSOMNIA,840,30008
412,158566,1.19163106411,advil,MALAISE,836,30008
413,145216,1.25640883856,advil,FEELING ABNORMAL,807,30008
414,246531,0.702585106873,advil,ABDOMINAL DISCOMFORT,768,30008
415,220645,0.778118422846,advil,RASH,761,30008
416,75251,2.18719337449,advil,SOMNOLENCE,725,30008
417,170746,0.952082248227,advil,PRURITUS,720,30008
418,823265,0.184766801035,advil,PAIN IN EXTREMITY,676,30008
419,130418,1.12269721421,advil,ARTHRALGIA,648,30008
420,107297,1.36185120241,advil,HYPERSENSITIVITY,646,30008
421,95818,1.52610844144,advil,BACK PAIN,646,30008
422,140778,0.986519784446,advil,ASTHENIA,615,30008
423,66741,2.03960246001,advil,URTICARIA,600,30008
424,75355,1.78639199065,advil,CONDITION AGGRAVATED,594,30008
425,133431,1.00028608375,advil,PYREXIA,591,30008
426,98704,1.35203117955,advil,OVERDOSE,590,30008
427,125736,1.02389505809,advil,CHEST PAIN,570,30008
428,116615,1.1004783712,advil,DEPRESSION,568,30008
429,37741,3.32501099381,advil,DYSPEPSIA,550,30008
430,246531,0.476162380844,advil,ABDOMINAL PAIN,521,30008
431,145352,0.797904967923,advil,INJURY,514,30008
432,137191,0.819133460996,advil,PULMONARY EMBOLISM,498,30008
433,66870,1.53694231687,advil,CONSTIPATION,454,30008
434,1007046,0.0991745540463,advil,DRUG EFFECT INCOMPLETE,444,30008
435,1007046,0.0978338612191,advil,DRUG HYPERSENSITIVITY,438,30008
436,67720,1.45696888534,advil,HYPOAESTHESIA,436,30008
437,37537,2.63000407844,advil,DEEP VEIN THROMBOSIS,434,30008
438,96264,1.00648935418,advil,COUGH,429,30008
439,186610,0.514450361039,advil,WEIGHT DECREASED,426,30008
440,121871,0.786831997818,advil,FALL,425,30008
441,149551,0.633224894512,advil,ERYTHEMA,420,30008
442,100064,0.929583339785,advil,HYPERTENSION,412,30008
443,163766,0.565700534605,advil,OEDEMA PERIPHERAL,411,30008
444,70438,1.26474676138,advil,PARAESTHESIA,394,30008
445,38663,2.23180798924,advil,EMOTIONAL DISTRESS,380,30008
446,35438,2.43711293434,advil,DYSPHAGIA,380,30008
447,178218,0.474104424647,advil,SWELLING FACE,375,30008
448,116161,0.712623334815,advil,MUSCLE SPASMS,367,30008
449,441253,0.182059242956,advil,BLOOD PRESSURE INCREASED,357,30008
450,73346,1.09355301739,advil,GAIT DISTURBANCE,355,30008
451,101215,0.76454854227,advil,OFF LABEL USE,343,30008
452,186610,0.411619083154,advil,WEIGHT INCREASED,341,30008
453,230444,0.330271162709,advil,PRODUCT QUALITY ISSUE,338,30008
454,67401,1.12985421521,advil,MYALGIA,337,30008
455,18483,4.12524573612,advil,POOR QUALITY DRUG ADMINISTERED,333,30008
456,245012,0.306005869366,advil,INJECTION SITE PAIN,333,30008
457,111051,0.661994805449,advil,INCORRECT DOSE ADMINISTERED,326,30008
458,1007046,0.0725866858402,advil,DRUG EFFECT DECREASED,325,30008
459,30467,2.37911424606,advil,THROAT IRRITATION,319,30008
460,90449,0.770769800858,advil,CEREBROVASCULAR ACCIDENT,309,30008
461,69401,0.995769369961,advil,INFLUENZA LIKE ILLNESS,306,30008
462,136297,0.504278556142,advil,MYOCARDIAL INFARCTION,305,30008
463,102241,0.670541747644,advil,ANAEMIA,304,30008
464,53849,1.26810733328,advil,FLUSHING,302,30008
465,33127,2.05482293094,advil,DYSGEUSIA,300,30008
466,71259,0.934692148625,advil,TREMOR,295,30008
467,500664,0.129863556278,advil,DECREASED APPETITE,289,30008
468,53505,1.2083272467,advil,VISION BLURRED,286,30008
469,71243,0.906266721281,advil,INTENTIONAL PRODUCT MISUSE,286,30008
470,45882,1.40538042411,advil,PALPITATIONS,285,30008
471,58040,1.10170988644,advil,NASOPHARYNGITIS,283,30008
472,53473,1.19630490527,advil,HYPERHIDROSIS,283,30008
473,14790,4.37045913756,advil,CHOLECYSTITIS CHRONIC,282,30008
474,133414,0.469499410581,advil,PNEUMONIA,278,30008
475,30056,2.06101089469,advil,MIGRAINE,273,30008
476,16828,3.65262017252,advil,CHOLELITHIASIS,269,30008
477,87580,0.682407219038,advil,URINARY TRACT INFECTION,265,30008
478,230444,0.258861087807,advil,PRODUCT USE ISSUE,265,30008
479,70184,0.839280839746,advil,HEART RATE INCREASED,261,30008
480,168241,0.338633275073,advil,RENAL FAILURE ACUTE,253,30008
481,46391,1.19376792794,advil,CHILLS,245,30008
482,58091,0.928897499582,advil,DEHYDRATION,239,30008
483,40011,1.33979229464,advil,BURNING SENSATION,237,30008
484,38207,1.39748910794,advil,SINUSITIS,236,30008
485,67952,0.780294741964,advil,THERAPEUTIC RESPONSE UNEXPECTED,235,30008
486,125736,0.417436548047,advil,CHEST DISCOMFORT,233,30008
487,44040,1.17012092676,advil,GENERAL PHYSICAL HEALTH DETERIORATION,228,30008
488,83450,0.616007041926,advil,EYE SWELLING,228,30008
489,178218,0.282964459512,advil,SWELLING,224,30008
490,245012,0.205753451993,advil,INJECTION SITE ERYTHEMA,224,30008
491,168241,0.298427164533,advil,RENAL FAILURE,223,30008
492,31363,1.61018417889,advil,GASTROOESOPHAGEAL REFLUX DISEASE,223,30008
493,46328,1.08264205501,advil,MUSCULAR WEAKNESS,222,30008
494,441253,0.113180920589,advil,BLOOD GLUCOSE INCREASED,222,30008
495,66079,0.75452418505,advil,JOINT SWELLING,221,30008
496,246531,0.201743549913,advil,ABDOMINAL DISTENSION,221,30008
497,50589,0.982084474642,advil,ORAL DISCOMFORT,220,30008
498,42016,1.17811737591,advil,GASTRIC DISORDER,219,30008
499,23090,2.1133292907,advil,LIP SWELLING,215,30008
500,1007046,1.24619036291,excedrin,DRUG INEFFECTIVE,1492,8032
501,228872,2.7505316231,excedrin,HEADACHE,747,8032
502,290789,1.8383207749,excedrin,NAUSEA,635,8032
503,193604,1.94830964201,excedrin,DIZZINESS,448,8032
504,823265,0.421617612332,excedrin,PAIN,413,8032
505,101215,3.23256235672,excedrin,OFF LABEL USE,388,8032
506,179361,1.69883684053,excedrin,VOMITING,362,8032
507,1007046,0.30123634769,excedrin,DRUG DEPENDENCE,361,8032
508,20628,13.9094450112,excedrin,UNDERDOSE,336,8032
509,246531,1.08154132851,excedrin,ABDOMINAL PAIN UPPER,317,8032
510,30056,8.89716647431,excedrin,MIGRAINE,315,8032
511,111051,2.30589246938,excedrin,INCORRECT DRUG ADMINISTRATION DURATION,304,8032
512,145216,1.74482062177,excedrin,FEELING ABNORMAL,301,8032
513,214556,1.18013899514,excedrin,DYSPNOEA,301,8032
514,238451,1.03347646676,excedrin,FATIGUE,293,8032
515,119753,2.05331186117,excedrin,INSOMNIA,292,8032
516,158566,1.37967324542,excedrin,MALAISE,260,8032
517,111051,1.90298256995,excedrin,INCORRECT DOSE ADMINISTERED,251,8032
518,98704,2.09031578138,excedrin,OVERDOSE,245,8032
519,113268,1.76882519467,excedrin,ANXIETY,238,8032
520,195205,1.00388896952,excedrin,DIARRHOEA,233,8032
521,100064,1.8341244321,excedrin,HYPERTENSION,218,8032
522,67952,2.666340861,excedrin,THERAPEUTIC RESPONSE UNEXPECTED,215,8032
523,95818,1.55465765804,excedrin,BACK PAIN,177,8032
524,140778,1.0455605841,excedrin,ASTHENIA,175,8032
525,37741,3.82349841054,excedrin,DYSPEPSIA,171,8032
526,230444,0.620169036803,excedrin,PRODUCT QUALITY ISSUE,170,8032
527,116615,1.22640564027,excedrin,DEPRESSION,170,8032
528,246531,0.566024720552,excedrin,ABDOMINAL PAIN,166,8032
529,121871,1.12505820725,excedrin,FALL,163,8032
530,125736,1.0636378701,excedrin,CHEST PAIN,159,8032
531,823265,0.15921141865,excedrin,PAIN IN EXTREMITY,156,8032
532,130418,0.999580213534,excedrin,ARTHRALGIA,155,8032
533,246531,0.501201516686,excedrin,ABDOMINAL DISCOMFORT,147,8032
534,75397,1.59629902831,excedrin,LOSS OF CONSCIOUSNESS,143,8032
535,67720,1.70290840139,excedrin,HYPOAESTHESIA,137,8032
536,75251,1.50976596602,excedrin,SOMNOLENCE,135,8032
537,46236,2.38688690904,excedrin,MEDICATION ERROR,131,8032
538,145352,0.74621333925,excedrin,INJURY,129,8032
539,90449,1.16256116234,excedrin,CEREBROVASCULAR ACCIDENT,125,8032
540,60224,1.74723663334,excedrin,ARTHRITIS,125,8032
541,71259,1.44069960511,excedrin,TREMOR,122,8032
542,170746,0.59573336325,excedrin,PRURITUS,121,8032
543,441253,0.230423104886,excedrin,BLOOD PRESSURE INCREASED,121,8032
544,45882,2.20285306917,excedrin,PALPITATIONS,120,8032
545,186610,0.536041519158,excedrin,WEIGHT DECREASED,119,8032
546,116161,0.854225377645,excedrin,MUSCLE SPASMS,118,8032
547,136297,0.709394366733,excedrin,MYOCARDIAL INFARCTION,115,8032
548,75355,1.27279939399,excedrin,CONDITION AGGRAVATED,114,8032
549,70438,1.31393639694,excedrin,PARAESTHESIA,110,8032
550,220645,0.411388688931,excedrin,RASH,108,8032
551,137191,0.661835729382,excedrin,PULMONARY EMBOLISM,108,8032
552,107297,0.81503681244,excedrin,HYPERSENSITIVITY,104,8032
553,70184,1.23465980579,excedrin,HEART RATE INCREASED,103,8032
554,16828,5.12293114997,excedrin,CHOLELITHIASIS,102,8032
555,66870,1.25814064395,excedrin,CONSTIPATION,100,8032
556,73346,1.11245075705,excedrin,GAIT DISTURBANCE,97,8032
557,96264,0.829849612613,excedrin,COUGH,95,8032
558,53505,1.46269954864,excedrin,VISION BLURRED,93,8032
559,66741,1.1469708656,excedrin,URTICARIA,91,8032
560,163766,0.467057328194,excedrin,OEDEMA PERIPHERAL,91,8032
561,245012,0.301830184773,excedrin,INJECTION SITE PAIN,88,8032
562,42016,1.763152456,excedrin,GASTRIC ULCER,88,8032
563,133414,0.54816657545,excedrin,PNEUMONIA,87,8032
564,25570,2.86800631813,excedrin,NERVOUSNESS,87,8032
565,53473,1.35323868331,excedrin,HYPERHIDROSIS,86,8032
566,14790,4.85585188149,excedrin,CHOLECYSTITIS CHRONIC,85,8032
567,59918,1.17935036936,excedrin,WRONG TECHNIQUE IN DRUG USAGE PROCESS,84,8032
568,49412,1.41347276113,excedrin,ULCER,83,8032
569,133431,0.522881466791,excedrin,PYREXIA,83,8032
570,31363,2.20214013038,excedrin,GASTROOESOPHAGEAL REFLUX DISEASE,82,8032
571,1007046,0.0684087469049,excedrin,DRUG ADMINISTRATION ERROR,82,8032
572,46026,1.48101192195,excedrin,MEMORY IMPAIRMENT,81,8032
573,38663,1.76364866399,excedrin,EMOTIONAL DISTRESS,81,8032
574,278414,0.244473679923,excedrin,DEATH,81,8032
575,55619,1.21005131242,excedrin,INAPPROPRIATE SCHEDULE OF DRUG ADMINISTRATION,80,8032
576,102241,0.657834592855,excedrin,ANAEMIA,80,8032
577,500664,0.130896455888,excedrin,DECREASED APPETITE,78,8032
578,71243,0.908929539479,excedrin,INTENTIONAL DRUG MISUSE,77,8032
579,37537,1.72677201299,excedrin,DEEP VEIN THROMBOSIS,77,8032
580,68777,0.929314357829,excedrin,CONVULSION,76,8032
581,87580,0.710405196575,excedrin,URINARY TRACT INFECTION,74,8032
582,17885,3.44288471116,excedrin,ROAD TRAFFIC ACCIDENT,73,8032
583,205588,0.298395068365,excedrin,DISEASE RECURRENCE,73,8032
584,38207,1.58606549285,excedrin,SINUSITIS,72,8032
585,149551,0.404636153371,excedrin,ERYTHEMA,72,8032
586,35438,1.71024734405,excedrin,DYSPHAGIA,72,8032
587,1007046,0.0592314133075,excedrin,DRUG HYPERSENSITIVITY,71,8032
588,63763,0.936452810641,excedrin,DIABETES MELLITUS,71,8032
589,125736,0.474631380379,excedrin,CHEST DISCOMFORT,71,8032
590,64549,0.911994556553,excedrin,CONFUSIONAL STATE,70,8032
591,46391,1.23317543031,excedrin,CHILLS,68,8032
592,230444,0.24066652592,excedrin,PRODUCT USE ISSUE,66,8032
593,88076,0.620424904386,excedrin,THROMBOSIS,65,8032
594,42016,1.30161894257,excedrin,GASTRIC DISORDER,65,8032
595,8032,6.85379895318,excedrin,FIBROMYALGIA,65,8032
596,30255,1.80868553362,excedrin,AMNESIA,65,8032
597,186610,0.288208588566,excedrin,WEIGHT INCREASED,64,8032
598,29015,1.85707434502,excedrin,ASTHMA,64,8032
599,58091,0.912044223756,excedrin,DEHYDRATION,63,8032
600,214556,1.81417482894,aspirin,DYSPNOEA,13876,256642
601,290789,1.28953957489,aspirin,NAUSEA,13622,256642
602,238451,1.45998872377,aspirin,FATIGUE,12567,256642
603,193604,1.74280210854,aspirin,DIZZINESS,12056,256642
604,136297,2.35933314118,aspirin,MYOCARDIAL INFARCTION,11241,256642
605,195205,1.54019332781,aspirin,DIARRHOEA,10819,256642
606,1007046,0.28094435831,aspirin,DRUG INEFFECTIVE,10664,256642
607,53849,6.47449516658,aspirin,FLUSHING,10654,256642
608,140778,1.89284250403,aspirin,ASTHENIA,9467,256642
609,228872,1.12212483156,aspirin,HEADACHE,9381,256642
610,121871,1.9262509964,aspirin,FALL,8329,256642
611,823265,0.264183978007,aspirin,PAIN,8200,256642
612,179361,1.23252889619,aspirin,VOMITING,8041,256642
613,125736,1.70533141319,aspirin,CHEST PAIN,7667,256642
614,170746,1.22960610951,aspirin,PRURITUS,7637,256642
615,94833,2.29585029449,aspirin,GASTROINTESTINAL HAEMORRHAGE,7624,256642
616,90449,2.25160079169,aspirin,CEREBROVASCULAR ACCIDENT,7142,256642
617,823265,0.219591711697,aspirin,PAIN IN EXTREMITY,6826,256642
618,133414,1.40229904992,aspirin,PNEUMONIA,6762,256642
619,102241,1.84631151389,aspirin,ANAEMIA,6715,256642
620,188248,0.942214808741,aspirin,CARDIAC FAILURE CONGESTIVE,6519,256642
621,158566,1.10331030204,aspirin,MALAISE,6392,256642
622,186610,0.917305797033,aspirin,WEIGHT DECREASED,6297,256642
623,130418,1.32992235927,aspirin,ARTHRALGIA,6285,256642
624,81493,2.15542814292,aspirin,HYPOTENSION,6180,256642
625,100064,1.62960604748,aspirin,HYPERTENSION,5845,256642
626,441253,0.341276504205,aspirin,BLOOD GLUCOSE INCREASED,5659,256642
627,220645,0.668065345766,aspirin,RASH,5472,256642
628,163766,0.881037985276,aspirin,OEDEMA PERIPHERAL,5314,256642
629,133431,1.08388593713,aspirin,PYREXIA,5287,256642
630,95818,1.52807230059,aspirin,BACK PAIN,5267,256642
631,96264,1.47396693674,aspirin,COUGH,5114,256642
632,119753,1.13683751744,aspirin,INSOMNIA,4967,256642
633,46517,3.09824221077,aspirin,ATRIAL FIBRILLATION,4907,256642
634,70438,1.96641924136,aspirin,PARAESTHESIA,4905,256642
635,113268,1.14192427844,aspirin,ANXIETY,4718,256642
636,67401,1.96849890921,aspirin,MYALGIA,4698,256642
637,278414,0.44626229313,aspirin,DEATH,4650,256642
638,168241,0.743174050559,aspirin,RENAL FAILURE ACUTE,4628,256642
639,66870,1.92231391583,aspirin,CONSTIPATION,4559,256642
640,48709,2.68159223782,aspirin,CORONARY ARTERY DISEASE,4511,256642
641,1007046,0.113460355324,aspirin,DRUG INTERACTION,4330,256642
642,116615,1.00835545929,aspirin,DEPRESSION,4310,256642
643,246531,0.467079486934,aspirin,ABDOMINAL PAIN,4306,256642
644,64549,1.81279765032,aspirin,CONFUSIONAL STATE,4166,256642
645,500664,0.220308486418,aspirin,DECREASED APPETITE,4163,256642
646,116161,0.97325070766,aspirin,MUSCLE SPASMS,4149,256642
647,58091,2.01888410846,aspirin,DEHYDRATION,4145,256642
648,53855,2.15719472757,aspirin,HAEMOGLOBIN DECREASED,4086,256642
649,145216,0.753836454031,aspirin,FEELING ABNORMAL,4050,256642
650,246531,0.415870492249,aspirin,ABDOMINAL PAIN UPPER,3841,256642
651,149551,0.688221920614,aspirin,ERYTHEMA,3817,256642
652,73346,1.43097477536,aspirin,GAIT DISTURBANCE,3788,256642
653,101215,1.00093687507,aspirin,OFF LABEL USE,3714,256642
654,168241,0.589415428223,aspirin,RENAL FAILURE,3691,256642
655,87580,1.13198498872,aspirin,URINARY TRACT INFECTION,3617,256642
656,441253,0.213366401453,aspirin,BLOOD PRESSURE INCREASED,3554,256642
657,186610,0.501838860819,aspirin,WEIGHT INCREASED,3497,256642
658,42257,2.36934861717,aspirin,SYNCOPE,3495,256642
659,145216,0.634562732845,aspirin,FEELING HOT,3424,256642
660,53473,1.75632567756,aspirin,HYPERHIDROSIS,3350,256642
661,75251,1.19647272633,aspirin,SOMNOLENCE,3277,256642
662,75397,1.18263270915,aspirin,LOSS OF CONSCIOUSNESS,3247,256642
663,71259,1.2493273155,aspirin,TREMOR,3234,256642
664,36632,2.52738542166,aspirin,CONTUSION,3214,256642
665,132160,0.651872818246,aspirin,ACUTE MYOCARDIAL INFARCTION,3199,256642
666,46328,1.93544782984,aspirin,MUSCULAR WEAKNESS,3178,256642
667,67720,1.28413908842,aspirin,HYPOAESTHESIA,3155,256642
668,75355,1.13809565195,aspirin,CONDITION AGGRAVATED,3128,256642
669,245592,0.334855315951,aspirin,HAEMORRHAGE,3090,256642
670,1007046,0.0776029160663,aspirin,DRUG DOSE OMISSION,2965,256642
671,27400,3.08194864328,aspirin,EPISTAXIS,2876,256642
672,45882,1.67494702327,aspirin,PALPITATIONS,2749,256642
673,53505,1.41575162768,aspirin,VISION BLURRED,2735,256642
674,246531,0.291231947484,aspirin,ABDOMINAL DISCOMFORT,2702,256642
675,37741,1.9581423238,aspirin,DYSPEPSIA,2617,256642
676,31363,2.31305381098,aspirin,GASTROOESOPHAGEAL REFLUX DISEASE,2537,256642
677,441253,0.150655088936,aspirin,BLOOD CREATININE INCREASED,2515,256642
678,125736,0.535331452227,aspirin,CHEST DISCOMFORT,2510,256642
679,188248,0.340545576346,aspirin,CARDIAC DISORDER,2408,256642
680,43732,1.53013707382,aspirin,THROMBOCYTOPENIA,2406,256642
681,188248,0.339113605704,aspirin,CARDIAC ARREST,2398,256642
682,21456,3.2682201169,aspirin,TRANSIENT ISCHAEMIC ATTACK,2373,256642
683,55806,1.13438071902,aspirin,SEPSIS,2309,256642
684,46391,1.36913603729,aspirin,CHILLS,2297,256642
685,1007046,0.0599542943411,aspirin,DRUG HYPERSENSITIVITY,2292,256642
686,70184,0.88008235761,aspirin,HEART RATE INCREASED,2274,256642
687,137191,0.43665112468,aspirin,PULMONARY EMBOLISM,2242,256642
688,19005,3.49923487704,aspirin,ANGINA PECTORIS,2233,256642
689,63763,0.941887482657,aspirin,DIABETES MELLITUS,2206,256642
690,50951,1.17818687442,aspirin,CHRONIC OBSTRUCTIVE PULMONARY DISEASE,2186,256642
691,245012,0.234641761423,aspirin,INJECTION SITE PAIN,2168,256642
692,24818,2.49414024628,aspirin,RECTAL HAEMORRHAGE,2151,256642
693,44537,1.31883230614,aspirin,PLATELET COUNT DECREASED,2128,256642
694,35438,1.66482692781,aspirin,DYSPHAGIA,2111,256642
695,37537,1.55989974429,aspirin,DEEP VEIN THROMBOSIS,2103,256642
696,26032,2.29795469663,aspirin,BRADYCARDIA,2093,256642
697,188248,0.29522493045,aspirin,CARDIAC FAILURE,2091,256642
698,66741,0.839183517511,aspirin,URTICARIA,2065,256642
699,34651,1.65959273917,aspirin,BALANCE DISORDER,2058,256642
700,238451,2.32422518795,vitamin,FATIGUE,15667,203683
701,290789,1.76727707404,vitamin,NAUSEA,14758,203683
702,1007046,0.407124415828,vitamin,DRUG INEFFECTIVE,12248,203683
703,195205,2.16061649131,vitamin,DIARRHOEA,11972,203683
704,228872,1.74496498013,vitamin,HEADACHE,11471,203683
705,823265,0.448962236353,vitamin,PAIN,11026,203683
706,193604,1.89976218175,vitamin,DIZZINESS,10516,203683
707,214556,1.651488626,vitamin,DYSPNOEA,10203,203683
708,130418,2.60519190248,vitamin,ARTHRALGIA,9521,203683
709,140778,2.3190302195,vitamin,ASTHENIA,9222,203683
710,121871,2.62088842815,vitamin,FALL,8946,203683
711,823265,0.337747729792,vitamin,PAIN IN EXTREMITY,8319,203683
712,179361,1.48888495992,vitamin,VOMITING,7723,203683
713,158566,1.44210450135,vitamin,MALAISE,6621,203683
714,95818,2.43430546294,vitamin,BACK PAIN,6565,203683
715,186610,1.17898112525,vitamin,WEIGHT DECREASED,6419,203683
716,170746,1.23706380601,vitamin,PRURITUS,6152,203683
717,119753,1.74607979428,vitamin,INSOMNIA,6001,203683
718,220645,0.920437613572,vitamin,RASH,5970,203683
719,133431,1.53422111079,vitamin,PYREXIA,5911,203683
720,133414,1.50161744613,vitamin,PNEUMONIA,5790,203683
721,245012,0.746538113966,vitamin,INJECTION SITE PAIN,5404,203683
722,113268,1.61557770336,vitamin,ANXIETY,5271,203683
723,96264,1.91133113679,vitamin,COUGH,5255,203683
724,73346,2.49561198226,vitamin,GAIT DISTURBANCE,5142,203683
725,116615,1.50892799922,vitamin,DEPRESSION,5084,203683
726,116161,1.51322690495,vitamin,MUSCLE SPASMS,5078,203683
727,145216,1.17944231979,vitamin,FEELING ABNORMAL,4996,203683
728,102241,1.69137116581,vitamin,ANAEMIA,4970,203683
729,66870,2.55653390067,vitamin,CONSTIPATION,4794,203683
730,246531,0.655240111772,vitamin,ABDOMINAL PAIN,4785,203683
731,53849,3.06271903723,vitamin,FLUSHING,4560,203683
732,125736,1.24181205089,vitamin,CHEST PAIN,4546,203683
733,70438,2.19669365792,vitamin,PARAESTHESIA,4383,203683
734,87580,1.69559084546,vitamin,URINARY TRACT INFECTION,4267,203683
735,163766,0.876734914299,vitamin,OEDEMA PERIPHERAL,4225,203683
736,100064,1.45191279881,vitamin,HYPERTENSION,4204,203683
737,186610,0.758015463294,vitamin,WEIGHT INCREASED,4177,203683
738,500664,0.278463827392,vitamin,DECREASED APPETITE,4176,203683
739,67401,2.18335042686,vitamin,MYALGIA,4170,203683
740,246531,0.542430515807,vitamin,ABDOMINAL PAIN UPPER,3974,203683
741,67720,2.03807877212,vitamin,HYPOAESTHESIA,3927,203683
742,101215,1.27458092636,vitamin,OFF LABEL USE,3752,203683
743,58091,2.2263070296,vitamin,DEHYDRATION,3660,203683
744,1007046,0.116832678888,vitamin,DRUG DOSE OMISSION,3541,203683
745,149551,0.787658818977,vitamin,ERYTHEMA,3475,203683
746,71259,1.65999413649,vitamin,TREMOR,3402,203683
747,75251,1.53498915644,vitamin,SOMNOLENCE,3334,203683
748,81493,1.40092541339,vitamin,HYPOTENSION,3308,203683
749,46328,2.53115026934,vitamin,MUSCULAR WEAKNESS,3290,203683
750,58040,1.98264458015,vitamin,NASOPHARYNGITIS,3279,203683
751,441253,0.242718987609,vitamin,BLOOD PRESSURE INCREASED,3211,203683
752,278414,0.385972047998,vitamin,DEATH,3208,203683
753,75355,1.46080172963,vitamin,CONDITION AGGRAVATED,3184,203683
754,48843,2.24400281457,vitamin,ALOPECIA,3100,203683
755,64549,1.6546140029,vitamin,CONFUSIONAL STATE,3072,203683
756,441253,0.22697160235,vitamin,BLOOD GLUCOSE INCREASED,3004,203683
757,36632,2.88092021157,vitamin,CONTUSION,2932,203683
758,246531,0.391678495709,vitamin,ABDOMINAL DISCOMFORT,2882,203683
759,53505,1.87962476645,vitamin,VISION BLURRED,2874,203683
760,53855,1.78870581652,vitamin,HAEMOGLOBIN DECREASED,2760,203683
761,38207,2.51302068602,vitamin,SINUSITIS,2695,203683
762,46391,2.02707247153,vitamin,CHILLS,2676,203683
763,245012,0.359864434109,vitamin,INJECTION SITE ERYTHEMA,2634,203683
764,31363,2.98206073134,vitamin,GASTROOESOPHAGEAL REFLUX DISEASE,2591,203683
765,34651,2.65615114663,vitamin,BALANCE DISORDER,2573,203683
766,37741,2.41469183414,vitamin,DYSPEPSIA,2565,203683
767,46517,1.90705546514,vitamin,ATRIAL FIBRILLATION,2533,203683
768,53473,1.64527742768,vitamin,HYPERHIDROSIS,2531,203683
769,46026,1.88514438741,vitamin,MEMORY IMPAIRMENT,2479,203683
770,45882,1.88092047792,vitamin,PALPITATIONS,2466,203683
771,66079,1.27940803415,vitamin,JOINT SWELLING,2458,203683
772,90449,0.869464598158,vitamin,CEREBROVASCULAR ACCIDENT,2314,203683
773,107297,0.727352111034,vitamin,HYPERSENSITIVITY,2306,203683
774,246531,0.30543424033,vitamin,ABDOMINAL DISTENSION,2253,203683
775,60224,1.2745836436,vitamin,ARTHRITIS,2232,203683
776,136297,0.547576617966,vitamin,MYOCARDIAL INFARCTION,2217,203683
777,75397,0.9855644243,vitamin,LOSS OF CONSCIOUSNESS,2179,203683
778,66741,1.10657340259,vitamin,URTICARIA,2158,203683
779,32263,2.37270723289,vitamin,BRONCHITIS,2157,203683
780,69399,1.05571843998,vitamin,MUSCULOSKELETAL PAIN,2144,203683
781,34427,2.19171879127,vitamin,OROPHARYNGEAL PAIN,2137,203683
782,137191,0.51455713885,vitamin,PULMONARY EMBOLISM,2099,203683
783,70184,1.00944230859,vitamin,HEART RATE INCREASED,2076,203683
784,37537,1.91014348665,vitamin,DEEP VEIN THROMBOSIS,2047,203683
785,125736,0.545355418712,vitamin,CHEST DISCOMFORT,2037,203683
786,111051,0.612632501698,vitamin,INCORRECT DOSE ADMINISTERED,2017,203683
787,145216,0.463654898404,vitamin,FEELING HOT,2005,203683
788,18630,3.98508937175,vitamin,OSTEOARTHRITIS,2001,203683
789,69401,0.982193938721,vitamin,INFLUENZA LIKE ILLNESS,1999,203683
790,36484,1.90449912513,vitamin,NEUROPATHY PERIPHERAL,1984,203683
791,188248,0.352034640946,vitamin,CARDIAC FAILURE CONGESTIVE,1980,203683
792,168241,0.391978815594,vitamin,RENAL FAILURE,1968,203683
793,18189,3.99738271759,vitamin,FEMUR FRACTURE,1959,203683
794,56541,1.18485515129,vitamin,WHITE BLOOD CELL COUNT DECREASED,1953,203683
795,61518,1.0852796038,vitamin,DRY MOUTH,1952,203683
796,94833,0.693094979754,vitamin,GASTROINTESTINAL HAEMORRHAGE,1944,203683
797,42257,1.59444327123,vitamin,SYNCOPE,1941,203683
798,136425,0.475489554276,vitamin,PERIPHERAL SWELLING,1931,203683
799,230444,0.277225149237,vitamin,PRODUCT QUALITY ISSUE,1913,203683
800,290789,1.62643540485,hcl,NAUSEA,18141,275292
801,1007046,0.319575352408,hcl,DRUG INEFFECTIVE,12986,275292
802,195205,1.61138404704,hcl,DIARRHOEA,12062,275292
803,179361,1.74334420833,hcl,VOMITING,11930,275292
804,214556,1.32754078849,hcl,DYSPNOEA,11041,275292
805,238451,1.16643864884,hcl,FATIGUE,10849,275292
806,193604,1.4259341966,hcl,DIZZINESS,10660,275292
807,823265,0.306471063642,hcl,PAIN,10182,275292
808,228872,1.07575006233,hcl,HEADACHE,9636,275292
809,441253,0.526575890447,hcl,BLOOD GLUCOSE INCREASED,9293,275292
810,140778,1.61576484181,hcl,ASTHENIA,8717,275292
811,186610,1.15500996803,hcl,WEIGHT DECREASED,8408,275292
812,133431,1.54545051816,hcl,PYREXIA,7923,275292
813,39991,6.01819049808,hcl,COMPLETED SUICIDE,7891,275292
814,113268,1.71777307098,hcl,ANXIETY,7426,275292
815,1007046,0.180673974776,hcl,DRUG INTERACTION,7377,275292
816,81493,2.39814170401,hcl,HYPOTENSION,7270,275292
817,121871,1.54842582347,hcl,FALL,7249,275292
818,116615,1.52613884973,hcl,DEPRESSION,6842,275292
819,133414,1.29265773573,hcl,PNEUMONIA,6690,275292
820,278414,0.598153646435,hcl,DEATH,6639,275292
821,158566,1.03979391332,hcl,MALAISE,6459,275292
822,168241,0.927073834059,hcl,RENAL FAILURE ACUTE,6137,275292
823,119753,1.28034565966,hcl,INSOMNIA,5950,275292
824,64549,2.46491185514,hcl,CONFUSIONAL STATE,5903,275292
825,75251,1.95534861013,hcl,SOMNOLENCE,5564,275292
826,188248,0.742026914315,hcl,CARDIAC ARREST,5536,275292
827,102241,1.37550779319,hcl,ANAEMIA,5437,275292
828,246531,0.550633005875,hcl,ABDOMINAL PAIN,5421,275292
829,220645,0.613247194237,hcl,RASH,5390,275292
830,163766,0.805717130502,hcl,OEDEMA PERIPHERAL,5216,275292
831,58091,2.38908343148,hcl,DEHYDRATION,5163,275292
832,125736,1.04767904795,hcl,CHEST PAIN,5158,275292
833,500664,0.254147100325,hcl,DECREASED APPETITE,5142,275292
834,168241,0.769355535155,hcl,RENAL FAILURE,5124,275292
835,130418,1.00058740927,hcl,ARTHRALGIA,5119,275292
836,100064,1.29116885026,hcl,HYPERTENSION,5011,275292
837,71259,1.82716754175,hcl,TREMOR,4947,275292
838,823265,0.146830037507,hcl,PAIN IN EXTREMITY,4906,275292
839,170746,0.692985247862,hcl,PRURITUS,4698,275292
840,75355,1.59534591561,hcl,CONDITION AGGRAVATED,4608,275292
841,95818,1.21264383084,hcl,BACK PAIN,4520,275292
842,66870,1.76513057762,hcl,CONSTIPATION,4495,275292
843,186610,0.598779931156,hcl,WEIGHT INCREASED,4453,275292
844,136297,0.826128847992,hcl,MYOCARDIAL INFARCTION,4447,275292
845,145216,0.76087687865,hcl,FEELING ABNORMAL,4375,275292
846,98704,1.0991745808,hcl,OVERDOSE,4239,275292
847,75397,1.43952743357,hcl,LOSS OF CONSCIOUSNESS,4185,275292
848,68777,1.58625674155,hcl,CONVULSION,4183,275292
849,53473,2.06369337795,hcl,HYPERHIDROSIS,4155,275292
850,159374,0.619962469795,hcl,CARDIO-RESPIRATORY ARREST,3934,275292
851,96264,0.973968011168,hcl,COUGH,3681,275292
852,46517,2.05983750629,hcl,ATRIAL FIBRILLATION,3608,275292
853,59175,1.58263778184,hcl,TOXICITY TO VARIOUS AGENTS,3591,275292
854,246531,0.359955590483,hcl,ABDOMINAL PAIN UPPER,3570,275292
855,55806,1.66722276762,hcl,SEPSIS,3556,275292
856,159367,0.544632593536,hcl,RESPIRATORY ARREST,3466,275292
857,70438,1.2505324332,hcl,PARAESTHESIA,3421,275292
858,53855,1.65342250485,hcl,HAEMOGLOBIN DECREASED,3405,275292
859,1007046,0.0823781874573,hcl,DRUG HYPERSENSITIVITY,3375,275292
860,441253,0.188144896933,hcl,BLOOD PRESSURE INCREASED,3363,275292
861,73346,1.16331249115,hcl,GAIT DISTURBANCE,3325,275292
862,55131,1.56328252767,hcl,NEUTROPENIA,3307,275292
863,87580,0.956214111372,hcl,URINARY TRACT INFECTION,3290,275292
864,43732,1.98706856045,hcl,THROMBOCYTOPENIA,3281,275292
865,1007046,0.0781930201047,hcl,DRUG TOXICITY,3204,275292
866,42257,1.9834861762,hcl,SYNCOPE,3165,275292
867,34895,2.44284625053,hcl,AGITATION,3164,275292
868,188248,0.415305947757,hcl,CARDIAC FAILURE CONGESTIVE,3138,275292
869,67401,1.18390783855,hcl,MYALGIA,3107,275292
870,63763,1.25194528622,hcl,DIABETES MELLITUS,3100,275292
871,116161,0.666615418945,hcl,MUSCLE SPASMS,3077,275292
872,52877,1.51059331695,hcl,TACHYCARDIA,3071,275292
873,67720,1.14513526715,hcl,HYPOAESTHESIA,3024,275292
874,137191,0.539505000728,hcl,PULMONARY EMBOLISM,2956,275292
875,90449,0.815292351368,hcl,CEREBROVASCULAR ACCIDENT,2913,275292
876,145352,0.495776319419,hcl,INJURY,2883,275292
877,42773,1.76739716788,hcl,SUICIDAL IDEATION,2878,275292
878,53849,1.37471543819,hcl,FLUSHING,2861,275292
879,159367,0.444999999082,hcl,RESPIRATORY FAILURE,2843,275292
880,53505,1.36516400429,hcl,VISION BLURRED,2824,275292
881,23412,3.27025179449,hcl,FEBRILE NEUTROPENIA,2757,275292
882,149551,0.45606999335,hcl,ERYTHEMA,2733,275292
883,44040,1.61153690713,hcl,GENERAL PHYSICAL HEALTH DETERIORATION,2718,275292
884,441253,0.149491017541,hcl,BLOOD GLUCOSE DECREASED,2676,275292
885,70184,0.965160071901,hcl,HEART RATE INCREASED,2660,275292
886,441253,0.146064343044,hcl,BLOOD CREATININE INCREASED,2615,275292
887,31043,2.24715781993,hcl,ALANINE AMINOTRANSFERASE INCREASED,2608,275292
888,46391,1.45349758116,hcl,CHILLS,2598,275292
889,45882,1.45680182945,hcl,PALPITATIONS,2575,275292
890,26032,2.68727285046,hcl,BRADYCARDIA,2573,275292
891,27956,2.40411066213,hcl,ASPARTATE AMINOTRANSFERASE INCREASED,2498,275292
892,44537,1.41336276589,hcl,PLATELET COUNT DECREASED,2429,275292
893,23051,2.86471544385,hcl,HYPOGLYCAEMIA,2413,275292
894,46328,1.33099349325,hcl,MUSCULAR WEAKNESS,2387,275292
895,1007046,0.0577007934384,hcl,DRUG WITHDRAWAL SYNDROME,2366,275292
896,37537,1.63859774912,hcl,DEEP VEIN THROMBOSIS,2353,275292
897,27714,2.27010502336,hcl,PLEURAL EFFUSION,2350,275292
898,56541,1.04084391839,hcl,WHITE BLOOD CELL COUNT DECREASED,2304,275292
899,168241,0.33571399165,hcl,RENAL IMPAIRMENT,2274,275292
900,39991,21.6817182016,acetaminophen,COMPLETED SUICIDE,10061,104456
901,290789,1.19826407856,acetaminophen,NAUSEA,5300,104456
902,278414,1.05764018657,acetaminophen,DEATH,4488,104456
903,59175,5.23010726867,acetaminophen,TOXICITY TO VARIOUS AGENTS,4435,104456
904,823265,0.342116077382,acetaminophen,PAIN,4340,104456
905,179361,1.53811619197,acetaminophen,VOMITING,4174,104456
906,214556,1.20551397151,acetaminophen,DYSPNOEA,3933,104456
907,228872,1.10370002003,acetaminophen,HEADACHE,3847,104456
908,238451,1.04214652792,acetaminophen,FATIGUE,3788,104456
909,1007046,0.229171945275,acetaminophen,DRUG INEFFECTIVE,3562,104456
910,195205,1.17873610196,acetaminophen,DIARRHOEA,3500,104456
911,133431,1.66985823536,acetaminophen,PYREXIA,3364,104456
912,19159,13.641888219,acetaminophen,CARDIOVASCULAR DISORDER,3342,104456
913,159374,1.31282811943,acetaminophen,CARDIO-RESPIRATORY ARREST,3176,104456
914,193604,1.0344900974,acetaminophen,DIZZINESS,3053,104456
915,188248,1.04351516983,acetaminophen,CARDIAC DISORDER,2994,104456
916,98704,1.95380277595,acetaminophen,OVERDOSE,2899,104456
917,1007046,0.184477282393,acetaminophen,DRUG ABUSE,2869,104456
918,140778,1.34039514008,acetaminophen,ASTHENIA,2863,104456
919,188248,0.973846565491,acetaminophen,CARDIAC ARREST,2797,104456
920,121871,1.51060879697,acetaminophen,FALL,2786,104456
921,81493,2.12294525068,acetaminophen,HYPOTENSION,2594,104456
922,133414,1.2723219109,acetaminophen,PNEUMONIA,2578,104456
923,113268,1.3978412138,acetaminophen,ANXIETY,2400,104456
924,130418,1.20133361878,acetaminophen,ARTHRALGIA,2382,104456
925,246531,0.623593641638,acetaminophen,ABDOMINAL PAIN,2358,104456
926,158566,0.935348504821,acetaminophen,MALAISE,2264,104456
927,136297,1.05061655751,acetaminophen,MYOCARDIAL INFARCTION,2182,104456
928,159367,0.891837828271,acetaminophen,RESPIRATORY ARREST,2171,104456
929,823265,0.168059631328,acetaminophen,PAIN IN EXTREMITY,2137,104456
930,125736,1.07455277249,acetaminophen,CHEST PAIN,2058,104456
931,102241,1.32326978602,acetaminophen,ANAEMIA,2053,104456
932,116615,1.13545004954,acetaminophen,DEPRESSION,2015,104456
933,64549,2.07976362034,acetaminophen,CONFUSIONAL STATE,2014,104456
934,95818,1.38648690885,acetaminophen,BACK PAIN,2014,104456
935,220645,0.583254463583,acetaminophen,RASH,1975,104456
936,100064,1.29286554125,acetaminophen,HYPERTENSION,1964,104456
937,75251,1.63304944599,acetaminophen,SOMNOLENCE,1856,104456
938,168241,0.677624613858,acetaminophen,RENAL FAILURE ACUTE,1747,104456
939,186610,0.608529427551,acetaminophen,WEIGHT DECREASED,1742,104456
940,1007046,0.111325081205,acetaminophen,DRUG INTERACTION,1733,104456
941,163766,0.682246181381,acetaminophen,OEDEMA PERIPHERAL,1712,104456
942,71243,1.56726610369,acetaminophen,INTENTIONAL DRUG MISUSE,1688,104456
943,1007046,0.106500442903,acetaminophen,DRUG TOXICITY,1658,104456
944,137191,0.775078622754,acetaminophen,PULMONARY EMBOLISM,1627,104456
945,170746,0.6193676396,acetaminophen,PRURITUS,1622,104456
946,119753,0.873432038319,acetaminophen,INSOMNIA,1598,104456
947,71243,1.47611618234,acetaminophen,INTENTIONAL OVERDOSE,1592,104456
948,58091,1.78919507726,acetaminophen,DEHYDRATION,1566,104456
949,66870,1.54563144617,acetaminophen,CONSTIPATION,1563,104456
950,168241,0.589965597921,acetaminophen,RENAL FAILURE,1523,104456
951,19555,5.39255367111,acetaminophen,MOVEMENT DISORDER,1507,104456
952,31914,3.1985083284,acetaminophen,NERVOUS SYSTEM DISORDER,1506,104456
953,96264,1.02225356052,acetaminophen,COUGH,1500,104456
954,37537,2.68255088044,acetaminophen,DEEP VEIN THROMBOSIS,1497,104456
955,87580,1.09181931307,acetaminophen,URINARY TRACT INFECTION,1456,104456
956,145352,0.636251577183,acetaminophen,INJURY,1418,104456
957,246531,0.373616391257,acetaminophen,ABDOMINAL PAIN UPPER,1418,104456
958,53855,1.73885589231,acetaminophen,HAEMOGLOBIN DECREASED,1412,104456
959,75355,1.19856999791,acetaminophen,CONDITION AGGRAVATED,1373,104456
960,31043,2.97952165472,acetaminophen,ALANINE AMINOTRANSFERASE INCREASED,1369,104456
961,75397,1.18012536473,acetaminophen,LOSS OF CONSCIOUSNESS,1353,104456
962,500664,0.171243350099,acetaminophen,DECREASED APPETITE,1324,104456
963,24003,3.6050508464,acetaminophen,ARRHYTHMIA,1269,104456
964,55806,1.50157053758,acetaminophen,SEPSIS,1268,104456
965,27956,2.98498441106,acetaminophen,ASPARTATE AMINOTRANSFERASE INCREASED,1235,104456
966,52877,1.54067287342,acetaminophen,TACHYCARDIA,1232,104456
967,90449,0.888913593725,acetaminophen,CEREBROVASCULAR ACCIDENT,1228,104456
968,43732,1.83781212893,acetaminophen,THROMBOCYTOPENIA,1210,104456
969,71259,1.09967319615,acetaminophen,TREMOR,1193,104456
970,46517,1.65905889943,acetaminophen,ATRIAL FIBRILLATION,1165,104456
971,73346,1.0360395235,acetaminophen,GAIT DISTURBANCE,1158,104456
972,441253,0.168909939288,acetaminophen,BLOOD PRESSURE INCREASED,1151,104456
973,76560,0.974492001175,acetaminophen,MULTIPLE DRUG OVERDOSE,1138,104456
974,53473,1.40311757186,acetaminophen,HYPERHIDROSIS,1137,104456
975,24958,3.04014691518,acetaminophen,INTERNATIONAL NORMALISED RATIO INCREASED,1122,104456
976,12089,6.45857298767,acetaminophen,POISONING,1099,104456
977,46391,1.56569761147,acetaminophen,CHILLS,1098,104456
978,68777,1.04684643438,acetaminophen,CONVULSION,1097,104456
979,145216,0.489354238048,acetaminophen,FEELING ABNORMAL,1092,104456
980,44040,1.61134284864,acetaminophen,GENERAL PHYSICAL HEALTH DETERIORATION,1072,104456
981,186610,0.372814361322,acetaminophen,WEIGHT INCREASED,1071,104456
982,67401,1.03393812549,acetaminophen,MYALGIA,1062,104456
983,116161,0.591962099435,acetaminophen,MUSCLE SPASMS,1055,104456
984,94833,0.72032588932,acetaminophen,GASTROINTESTINAL HAEMORRHAGE,1046,104456
985,67720,0.990628453712,acetaminophen,HYPOAESTHESIA,1023,104456
986,25874,2.65331318598,acetaminophen,INFUSION RELATED REACTION,1021,104456
987,55131,1.19315508016,acetaminophen,NEUTROPENIA,1000,104456
988,149551,0.429526537663,acetaminophen,ERYTHEMA,988,104456
989,70438,0.903730043763,acetaminophen,PARAESTHESIA,972,104456
990,101215,0.62106003416,acetaminophen,OFF LABEL USE,964,104456
991,188248,0.318932223892,acetaminophen,CARDIAC FAILURE CONGESTIVE,925,104456
992,159367,0.376657614576,acetaminophen,RESPIRATORY FAILURE,924,104456
993,64700,0.931647037246,acetaminophen,SUICIDE ATTEMPT,920,104456
994,441253,0.134944344475,acetaminophen,BLOOD CREATININE INCREASED,920,104456
995,42257,1.41830523169,acetaminophen,SYNCOPE,908,104456
996,44537,1.32152914227,acetaminophen,PLATELET COUNT DECREASED,893,104456
997,25126,2.37733096982,acetaminophen,COMA,892,104456
998,132160,0.431956615811,acetaminophen,ACUTE HEPATIC FAILURE,878,104456
999,70184,0.813510568262,acetaminophen,HEART RATE INCREASED,873,104456
